"date","close","volume","open","high","low"

"2017/05/19","954.6500","1359893.0000","952.8200","959.5600","952.0000"
"2017/05/18","950.5000","1799512.0000","943.2000","954.1800","941.2700"
"2017/05/17","942.1700","2446966.0000","959.7000","960.9900","940.0600"
"2017/05/16","964.6100","1099818.0000","963.5500","965.8955","960.3500"
"2017/05/15","959.2200","1332065.0000","955.2900","962.7000","952.8200"
"2017/05/12","955.1400","1214614.0000","957.8500","957.9800","952.0600"
"2017/05/11","955.8900","1031011.0000","951.2900","957.9900","948.6100"
"2017/05/10","954.8400","1145842.0000","956.2200","956.7100","949.8400"
"2017/05/09","956.7100","1686770.0000","961.3300","962.2000","954.4000"
"2017/05/08","958.6900","1875308.0000","947.4500","960.9900","947.3950"
"2017/05/05","950.2800","1614381.0000","956.7200","958.4395","948.0986"
"2017/05/04","954.7200","1937977.0000","950.2900","959.1400","947.3700"
"2017/05/03","948.4500","1820150.0000","936.0500","950.2000","935.2100"
"2017/05/02","937.0900","1749432.0000","933.2700","942.9850","931.0000"
"2017/05/01","932.8200","2325611.0000","924.1500","935.8200","920.8000"
"2017/04/28","924.5200","3804599.0000","929.0000","935.9000","923.2200"
"2017/04/27","891.4400","2306341.0000","890.0000","893.3774","887.1800"
"2017/04/26","889.1400","1319855.0000","891.3900","892.9900","885.1500"
"2017/04/25","888.8400","2031687.0000","882.2600","892.2500","879.2801"
"2017/04/24","878.9300","1691946.0000","868.4400","879.9600","866.1100"
"2017/04/21","858.9500","1171407.0000","860.6200","862.4400","857.7300"
"2017/04/20","860.0800","1187137.0000","859.7400","863.9300","857.5000"
"2017/04/19","856.5100","1078820.0000","857.3850","860.2000","853.5275"
"2017/04/18","853.9900","935216.0000","852.5400","857.3900","851.2500"
"2017/04/17","855.1300","1046754.0000","841.3800","855.6400","841.0300"
"2017/04/13","840.1800","1071248.0000","841.0400","843.7300","837.8503"
"2017/04/12","841.4600","1135641.0000","838.4600","843.7200","837.5900"
"2017/04/11","839.8800","973875.0000","841.7000","844.6300","834.6000"
"2017/04/10","841.7000","1045369.0000","841.5400","846.7372","840.7900"
"2017/04/07","842.1000","1110404.0000","845.0000","845.8800","837.3000"
"2017/04/06","845.0950","1530251.0000","849.5000","853.5900","844.0000"
"2017/04/05","848.9100","1851632.0000","854.7100","860.5900","847.5200"
"2017/04/04","852.5700","1346500.0000","848.0000","853.0000","847.5050"
"2017/04/03","856.7500","1968062.0000","848.7500","859.0000","847.5298"
"2017/03/31","847.8000","1440202.0000","846.8300","849.5600","845.2445"
"2017/03/30","849.4800","948489.0000","851.9800","852.0000","846.7700"
"2017/03/29","849.8700","1456135.0000","842.7500","851.5850","841.3800"
"2017/03/28","840.6300","1517740.0000","839.6900","845.4000","832.2650"
"2017/03/27","838.5100","1934575.0000","828.0900","841.3800","824.3000"
"2017/03/24","835.1400","2102352.0000","842.0000","844.0000","829.1000"
"2017/03/23","839.6500","3285469.0000","841.3900","841.6900","833.0000"
"2017/03/22","849.8000","1361659.0000","849.4800","855.3500","847.0000"
"2017/03/21","850.1400","2531086.0000","870.0600","873.4700","847.6870"
"2017/03/20","867.9100","1528664.0000","869.4800","870.3400","864.6650"
"2017/03/17","872.3700","1852574.0000","873.6800","874.4200","868.3700"
"2017/03/16","870.0000","1103990.0000","870.5300","872.7100","867.5200"
"2017/03/15","868.3900","1331984.0000","867.9400","869.8800","861.2950"
"2017/03/14","865.9100","1059047.0000","863.7500","867.5800","860.1300"
"2017/03/13","864.5800","1165561.0000","860.8300","867.1300","860.8200"
"2017/03/10","861.4050","1336523.0000","862.7000","864.2290","857.6100"
"2017/03/09","857.8400","1341977.0000","853.6900","860.7100","852.6700"
"2017/03/08","853.6400","1029444.0000","853.1200","856.9300","851.2500"
"2017/03/07","851.1500","1038337.0000","847.2600","853.3300","845.5200"
"2017/03/06","847.2700","1046709.0000","846.8600","848.9400","841.1700"
"2017/03/03","849.0800","1005385.0000","848.9400","850.8200","844.7050"
"2017/03/02","849.8500","1249065.0000","856.3100","856.4900","848.7200"
"2017/03/01","856.7500","1817444.0000","851.3800","858.0000","849.0200"
"2017/02/28","844.9300","1381453.0000","847.3500","848.8300","841.4422"
"2017/02/27","849.6700","1009332.0000","844.9500","850.6700","843.0100"
"2017/02/24","847.8100","1345689.0000","847.6500","848.3600","842.9601"
"2017/02/23","851.0000","1386019.0000","851.0800","852.6200","842.5000"
"2017/02/22","851.3600","1224597.0000","848.0000","853.7900","846.7101"
"2017/02/21","849.2700","1260932.0000","847.9900","852.2000","846.5500"
"2017/02/17","846.5500","1459501.0000","841.3100","846.9400","839.7800"
"2017/02/16","842.1700","1004261.0000","838.5000","842.6900","837.2600"
"2017/02/15","837.3200","1356752.0000","838.8100","841.7725","836.2200"
"2017/02/14","840.0300","1362210.0000","839.7700","842.0000","835.8300"
"2017/02/13","838.9600","1295136.0000","837.7000","841.7350","836.2460"
"2017/02/10","834.8500","1414105.0000","832.9500","837.1500","830.5100"
"2017/02/09","830.0600","1193818.0000","831.7300","831.9800","826.5000"
"2017/02/08","829.8800","1300977.0000","830.5300","834.2500","825.1100"
"2017/02/07","829.2300","1666384.0000","825.5000","831.9200","823.2926"
"2017/02/06","821.6200","1350474.0000","820.9200","822.3900","814.2900"
"2017/02/03","820.1300","1527736.0000","823.1300","826.1300","819.3500"
"2017/02/02","818.2600","1686997.0000","815.0000","824.5600","812.0510"
"2017/02/01","815.2400","2246841.0000","824.0000","824.0000","812.2500"
"2017/01/31","820.1900","2017713.0000","819.5000","823.0700","813.4000"
"2017/01/30","823.8300","3514929.0000","837.0600","837.2300","821.0300"
"2017/01/27","845.0300","3751309.0000","859.0000","867.0000","841.9000"
"2017/01/26","856.9800","3452599.0000","859.0500","861.0000","850.5201"
"2017/01/25","858.4500","1657818.0000","853.5500","858.7936","849.7400"
"2017/01/24","849.5300","1686373.0000","846.9800","851.5200","842.2800"
"2017/01/23","844.4300","2456979.0000","831.6100","845.5428","828.7000"
"2017/01/20","828.1700","1304421.0000","829.0900","829.2400","824.6000"
"2017/01/19","824.3700","1068876.0000","829.0000","832.9999","823.9600"
"2017/01/18","829.0200","1026256.0000","829.8000","829.8100","824.0800"
"2017/01/17","827.4600","1440724.0000","830.0000","830.1800","823.2001"
"2017/01/13","830.9400","1289823.0000","831.0000","834.6500","829.5200"
"2017/01/12","829.5300","1349799.0000","828.3800","830.3800","821.0100"
"2017/01/11","829.8600","1323813.0000","826.6200","829.9000","821.4700"
"2017/01/10","826.0100","1196641.0000","827.0700","829.4100","823.1400"
"2017/01/09","827.1800","1408698.0000","826.3700","830.4300","821.6200"
"2017/01/06","825.2100","2014451.0000","814.9900","828.9600","811.5000"
"2017/01/05","813.0200","1339307.0000","807.5000","813.7400","805.9200"
"2017/01/04","807.7700","1514808.0000","809.8900","813.4300","804.1100"
"2017/01/03","808.0100","1958783.0000","800.6200","811.4350","796.8900"
"2016/12/30","792.4500","1735522.0000","803.2100","803.2850","789.6200"
"2016/12/29","802.8800","1057004.0000","802.3300","805.7500","798.1440"
"2016/12/28","804.5700","1202240.0000","813.3300","813.3300","802.4400"
"2016/12/27","809.9300","974738.0000","808.6800","816.0000","805.8000"
"2016/12/23","807.8000","764767.0000","808.0100","810.9696","805.1100"
"2016/12/22","809.6800","1132047.0000","809.1000","811.0700","806.0300"
"2016/12/21","812.2000","1457480.0000","815.7200","815.7200","805.1000"
"2016/12/20","815.2000","1270529.0000","813.3700","816.4900","811.0000"
"2016/12/19","812.5000","1263416.0000","809.2800","816.2200","804.5000"
"2016/12/16","809.8400","2597948.0000","818.3100","819.2000","808.1200"
"2016/12/15","815.6500","1768545.0000","817.3600","823.0000","812.0000"
"2016/12/14","817.8900","1797612.0000","815.9200","824.2600","812.7800"
"2016/12/13","815.3400","2104198.0000","812.3900","824.3000","811.9400"
"2016/12/12","807.9000","1627711.0000","804.8200","811.3500","804.5311"
"2016/12/09","809.4500","1900034.0000","799.3000","809.9500","798.0500"
"2016/12/08","795.1700","1611923.0000","792.9500","799.0000","787.9050"
"2016/12/07","791.4700","2026403.0000","779.9500","792.0000","773.5300"
"2016/12/06","776.1800","1733244.0000","780.1900","785.2800","773.3200"
"2016/12/05","778.2200","1685519.0000","770.0000","780.0000","766.9686"
"2016/12/02","764.4600","1696488.0000","761.9000","770.5000","759.0000"
"2016/12/01","764.3300","2863993.0000","778.5500","778.6000","753.3600"
"2016/11/30","775.8800","2272782.0000","789.1000","791.5100","773.1450"
"2016/11/29","789.4400","1560963.0000","788.3800","796.4400","785.3400"
"2016/11/28","785.7900","2569319.0000","778.3500","799.7400","778.1000"
"2016/11/25","780.2300","613549.0000","782.6100","782.9000","778.1900"
"2016/11/23","779.0000","1311228.0000","789.5200","789.5200","772.6500"
"2016/11/22","785.0000","1391312.0000","788.9900","793.7700","783.7400"
"2016/11/21","784.8000","1628530.0000","778.1000","786.5500","776.3000"
"2016/11/18","775.9700","1800135.0000","787.1700","791.2900","775.3500"
"2016/11/17","786.1600","1531650.0000","782.5000","788.9000","779.8500"
"2016/11/16","779.9800","1796559.0000","770.4200","783.5000","766.3300"
"2016/11/15","775.1600","2940057.0000","765.4700","780.2376","765.2200"
"2016/11/14","753.2200","3681471.0000","771.7600","771.7800","743.5900"
"2016/11/11","771.7500","3587879.0000","776.8100","777.2900","765.5400"
"2016/11/10","780.2900","5902116.0000","810.0000","810.0600","768.2300"
"2016/11/09","805.5900","3095105.0000","801.8300","811.7100","792.0350"
"2016/11/08","811.9800","1759885.0000","802.0300","816.0400","799.6200"
"2016/11/07","802.0300","1986464.0000","794.9500","805.0000","792.9000"
"2016/11/04","781.1000","1967620.0000","771.3000","788.4800","771.0043"
"2016/11/03","782.1900","2173340.0000","784.5000","790.0000","778.6300"
"2016/11/02","788.4200","2284886.0000","806.7600","806.7600","785.0000"
"2016/11/01","805.4800","2354652.0000","810.8700","813.9600","798.2600"
"2016/10/31","809.9000","2238967.0000","822.4300","822.6300","808.0000"
"2016/10/28","819.5600","4352704.0000","829.9400","839.0000","817.0000"
"2016/10/27","817.3500","2939601.0000","823.0100","826.5800","814.6100"
"2016/10/26","822.1000","1791756.0000","827.1200","827.7100","816.3500"
"2016/10/25","828.5500","1887068.0000","838.5000","838.5000","825.3005"
"2016/10/24","835.7400","1444851.0000","830.0900","837.9400","829.0400"
"2016/10/21","824.0600","1612418.0000","820.0000","824.2900","818.3100"
"2016/10/20","821.6300","1385811.0000","827.5600","828.4650","820.5500"
"2016/10/19","827.0900","1497429.0000","824.5200","829.8100","823.2050"
"2016/10/18","821.4900","2287485.0000","814.2100","828.8100","813.3300"
"2016/10/17","806.8400","1055806.0000","805.9900","813.4900","803.8300"
"2016/10/14","804.6000","1106895.0000","807.4500","810.0900","802.3200"
"2016/10/13","804.0800","1368311.0000","806.0700","806.5600","798.6200"
"2016/10/12","811.7700","905703.0000","811.9600","814.5000","808.5545"
"2016/10/11","809.5700","1719835.0000","814.1700","819.8600","807.3700"
"2016/10/10","814.1700","1489003.0000","803.9300","817.3800","802.2400"
"2016/10/07","800.7100","1163810.0000","805.9300","805.9400","796.8200"
"2016/10/06","803.0800","1098158.0000","804.0800","806.9450","800.5100"
"2016/10/05","801.2300","1209183.0000","806.0000","808.5000","800.7100"
"2016/10/04","802.7900","1257681.0000","805.0000","806.5000","799.6700"
"2016/10/03","800.3800","1487130.0000","802.5500","803.5400","796.2300"
"2016/09/30","804.0600","1628896.0000","803.6000","808.0900","801.5000"
"2016/09/29","802.6400","1348241.0000","807.2300","813.9100","800.8550"
"2016/09/28","810.0600","1469220.0000","804.0800","810.2500","802.7803"
"2016/09/27","810.7300","1362135.0000","801.8300","813.4900","801.8300"
"2016/09/26","802.6500","1431779.0000","809.8200","810.0800","800.4500"
"2016/09/23","814.9600","1411216.0000","815.1400","817.0000","812.7300"
"2016/09/22","815.9500","1757641.0000","810.0000","819.0600","807.7100"
"2016/09/21","805.0300","1346610.0000","801.2600","805.9100","796.0300"
"2016/09/20","799.7800","1049912.0000","800.0000","802.7500","798.2600"
"2016/09/19","795.3900","1146770.0000","801.1100","803.9900","793.5600"
"2016/09/16","797.9700","2129528.0000","799.0200","799.0200","793.6200"
"2016/09/15","801.2300","1563899.0000","790.0100","803.6450","788.6600"
"2016/09/14","790.4600","1313008.0000","787.5300","796.3300","787.5300"
"2016/09/13","788.7200","1808015.0000","794.0100","795.7900","784.3300"
"2016/09/12","798.8200","1861467.0000","784.5200","800.1700","783.5000"
"2016/09/09","788.4800","1882483.0000","798.7700","801.7500","788.0500"
"2016/09/08","802.8400","1176431.0000","805.2200","808.4200","801.0101"
"2016/09/07","807.9900","1145552.0000","807.9300","810.6000","803.7200"
"2016/09/06","808.0200","1989232.0000","798.3900","810.8900","795.4300"
"2016/09/02","796.8700","1349109.0000","795.2700","797.1000","793.2600"
"2016/09/01","791.4000","1303118.0000","791.9800","792.8900","786.3300"
"2016/08/31","789.8500","1070140.0000","789.6000","791.5700","787.2000"
"2016/08/30","791.9200","1190034.0000","792.8800","798.0000","789.4700"
"2016/08/29","795.8200","772876.0000","793.0500","798.5200","790.3200"
"2016/08/26","793.2200","1248466.0000","792.4900","799.4000","789.4069"
"2016/08/25","791.3000","1201902.0000","792.0000","794.7200","787.2300"
"2016/08/24","793.6000","1283824.0000","796.8600","798.4600","790.7600"
"2016/08/23","796.5900","916133.0000","800.4800","801.0000","795.9900"
"2016/08/22","796.9500","852892.0000","798.5100","799.3000","794.3300"
"2016/08/19","799.6500","1120336.0000","799.7900","801.2300","796.8800"
"2016/08/18","802.7500","864660.0000","805.3600","808.0000","801.6300"
"2016/08/17","805.4200","1064729.0000","800.0000","805.6300","796.3000"
"2016/08/16","801.1900","1056936.0000","803.5000","804.2600","797.0000"
"2016/08/15","805.9600","929916.0000","807.2100","811.3600","804.0300"
"2016/08/12","807.0500","896802.0000","805.0900","807.1900","803.6400"
"2016/08/11","808.2000","1281610.0000","810.4700","813.8790","806.0000"
"2016/08/10","808.4900","916595.0000","807.0500","810.8790","806.4900"
"2016/08/09","807.4800","1607256.0000","804.4900","813.3300","804.0600"
"2016/08/08","805.2300","1221422.0000","806.0000","807.6000","801.6900"
"2016/08/05","806.9300","1805900.0000","800.1100","807.2200","797.8100"
"2016/08/04","797.2500","1075295.0000","798.2400","800.2000","793.9200"
"2016/08/03","798.9200","1460553.0000","796.4700","799.5400","793.0200"
"2016/08/02","800.1200","1995240.0000","797.3300","802.3200","794.5300"
"2016/08/01","800.9400","3024763.0000","786.6700","807.4900","785.0400"
"2016/07/29","791.3400","5066995.0000","797.7100","803.9400","790.0000"
"2016/07/28","765.8400","3590254.0000","768.8400","768.9700","759.0900"
"2016/07/27","761.9700","1595341.0000","758.9700","764.4500","755.9300"
"2016/07/26","757.6500","1186574.0000","757.5200","759.2600","752.7503"
"2016/07/25","757.5200","1073258.0000","757.6800","759.8249","754.0700"
"2016/07/22","759.2800","1045450.0000","757.3200","759.4500","752.6550"
"2016/07/21","754.4100","953043.0000","757.0000","758.1500","751.5200"
"2016/07/20","757.0800","1124699.0000","754.0500","760.6400","754.0500"
"2016/07/19","753.4100","1521192.0000","749.8700","756.5900","748.4890"
"2016/07/18","753.2000","1927867.0000","737.9100","755.1369","736.5100"
"2016/07/15","735.6300","1614967.0000","741.0000","741.0000","734.6400"
"2016/07/14","735.8000","1069376.0000","733.9400","736.1400","730.5900"
"2016/07/13","729.4800","1020847.0000","735.5200","735.5200","729.0200"
"2016/07/12","732.5100","1328656.0000","731.9200","735.6000","727.5000"
"2016/07/11","727.2000","1432923.0000","719.4200","728.9289","718.8650"
"2016/07/08","717.7800","1492655.0000","710.5600","717.9000","708.1100"
"2016/07/07","707.2600","1057750.0000","710.1100","710.1700","700.6700"
"2016/07/06","708.9700","1444163.0000","699.8400","713.0000","699.0000"
"2016/07/05","704.8900","1421850.0000","705.0100","708.1200","699.1300"
"2016/07/01","710.2500","1548430.0000","705.1000","712.5300","703.7300"
"2016/06/30","703.5300","2110713.0000","697.6500","703.7700","694.9015"
"2016/06/29","695.1900","2154792.0000","694.2600","699.5000","692.6834"
"2016/06/28","691.2600","1910261.0000","691.3700","692.7399","684.8500"
"2016/06/27","681.1400","2909539.0000","682.4900","683.3250","672.6600"
"2016/06/24","685.2000","4767591.0000","690.1700","705.0000","684.9100"
"2016/06/23","714.8700","2121556.0000","710.5500","714.8800","700.2500"
"2016/06/22","710.4700","1452007.0000","714.0500","714.2100","705.8800"
"2016/06/21","708.8800","1492642.0000","710.0500","715.3800","704.6600"
"2016/06/20","706.1300","2282347.0000","710.3100","715.8700","705.4100"
"2016/06/17","704.2500","4112597.0000","721.3900","721.3900","701.1200"
"2016/06/16","724.2500","2246849.0000","727.9600","730.3900","715.5400"
"2016/06/15","732.1900","1157759.0000","734.9200","737.1500","731.3100"
"2016/06/14","733.2500","1327872.0000","729.3100","736.0000","726.5000"
"2016/06/13","731.8800","1166558.0000","729.8200","739.0000","729.8200"
"2016/06/10","733.1900","1452155.0000","735.9500","739.6400","730.5100"
"2016/06/09","742.5200","958731.0000","737.0700","743.9300","736.5000"
"2016/06/08","742.9300","1615601.0000","739.5000","743.8100","735.7650"
"2016/06/07","731.0900","1214733.0000","733.2700","736.7100","730.8000"
"2016/06/06","730.0600","1491771.0000","738.5000","738.5000","728.2900"
"2016/06/03","735.8600","1230030.0000","741.4900","741.4900","733.9100"
"2016/06/02","744.2700","1695221.0000","746.1000","747.3000","737.0000"
"2016/06/01","748.4600","1039582.0000","748.4700","751.3700","744.3400"
"2016/05/31","748.8500","2123407.0000","748.7600","753.4800","745.5700"
"2016/05/27","747.6000","1739463.0000","737.5100","747.9100","737.0100"
"2016/05/26","736.9300","1359797.0000","736.0000","741.1000","733.0000"
"2016/05/25","738.1000","1615382.0000","735.0000","739.8900","732.6000"
"2016/05/24","733.0300","1893201.0000","719.8500","734.2000","719.6450"
"2016/05/23","717.2500","1237493.0000","719.9800","723.4999","716.9400"
"2016/05/20","721.7100","1730353.0000","716.4600","727.7000","715.0100"
"2016/05/19","715.3100","1523254.0000","718.3000","720.5000","710.3050"
"2016/05/18","721.7800","1622966.0000","718.5000","725.5700","715.0200"
"2016/05/17","720.1900","1668702.0000","731.0600","735.8500","718.0000"
"2016/05/16","730.3000","1124740.0000","724.3200","732.6800","720.0000"
"2016/05/13","724.8300","1255038.0000","726.6200","731.2900","723.5100"
"2016/05/12","728.0700","1354049.0000","732.0000","735.3700","724.2700"
"2016/05/11","730.5500","1489772.0000","740.5200","740.8000","727.9025"
"2016/05/10","739.3800","1629685.0000","734.9600","740.0000","731.6100"
"2016/05/09","729.1300","1900579.0000","726.7000","734.2900","723.5000"
"2016/05/06","725.1800","1994510.0000","712.2000","725.9900","711.9500"
"2016/05/05","714.7100","1482730.0000","715.0000","717.5500","709.4501"
"2016/05/04","711.3700","1708120.0000","706.7700","715.0500","704.0500"
"2016/05/03","708.4400","1930313.0000","712.5000","713.3700","707.3300"
"2016/05/02","714.4100","1673095.0000","711.9200","715.4100","706.3600"
"2016/04/29","707.8800","2913286.0000","704.1200","712.1100","703.7800"
"2016/04/28","705.0600","3124368.0000","723.2900","729.2600","703.2000"
"2016/04/27","721.4600","3305829.0000","725.3200","727.1500","709.0800"
"2016/04/26","725.3700","2776678.0000","744.4200","745.5900","720.3200"
"2016/04/25","742.2100","2470543.0000","735.3500","744.8800","735.1000"
"2016/04/22","737.7700","7038718.0000","743.9100","753.9200","730.3700"
"2016/04/21","780.0000","3786960.0000","777.3100","781.6799","771.5500"
"2016/04/20","774.9200","1710652.0000","779.1600","779.6600","771.2700"
"2016/04/19","776.2500","2195959.0000","790.5000","790.9500","770.2700"
"2016/04/18","787.6800","1673385.0000","780.1900","788.5500","777.6100"
"2016/04/15","780.0000","1559707.0000","775.5000","780.9300","774.9301"
"2016/04/14","775.3900","1348242.0000","775.3600","779.6100","773.2200"
"2016/04/13","771.9100","1769568.0000","770.3100","775.7500","764.5908"
"2016/04/12","764.3200","1366589.0000","758.4300","764.9200","751.5650"
"2016/04/11","757.5400","1586524.0000","765.4500","767.2200","757.3400"
"2016/04/08","759.4700","1171831.0000","765.8700","767.1300","755.7700"
"2016/04/07","760.1200","1274258.0000","765.3200","769.3600","757.5000"
"2016/04/06","768.0700","1262942.0000","757.8400","768.4200","756.3000"
"2016/04/05","758.5700","1222899.0000","758.1300","762.8700","755.6000"
"2016/04/04","765.1200","1346216.0000","769.5100","772.4400","761.7850"
"2016/04/01","769.6700","1582377.0000","757.1600","770.0400","755.2000"
"2016/03/31","762.9000","1627359.0000","768.3400","769.0842","758.2500"
"2016/03/30","768.3400","2018489.0000","768.2100","777.3100","767.5800"
"2016/03/29","765.8900","1988867.0000","753.6800","767.1800","748.2900"
"2016/03/28","753.2800","1083237.0000","756.1700","758.3000","752.0400"
"2016/03/24","754.8400","1532760.0000","751.2000","757.5550","750.5000"
"2016/03/23","757.5600","1233396.0000","763.3500","765.3900","756.0300"
"2016/03/22","760.0500","1104542.0000","758.4400","765.0000","757.8750"
"2016/03/21","762.1600","1438431.0000","753.9100","763.3400","751.2700"
"2016/03/18","755.4100","2814010.0000","761.6300","762.1400","751.8200"
"2016/03/17","758.4800","2227732.0000","757.6500","765.3400","757.3600"
"2016/03/16","757.3600","1462328.0000","749.0500","759.0000","746.5000"
"2016/03/15","750.5700","1479737.0000","746.0200","753.0100","742.8400"
"2016/03/14","750.2400","1640531.0000","744.9700","754.2600","743.6625"
"2016/03/11","744.8700","1767725.0000","739.9500","744.9000","736.7000"
"2016/03/10","732.1700","2229615.0000","727.7900","736.5400","723.2900"
"2016/03/09","725.4100","1977088.0000","715.1650","726.2400","712.6600"
"2016/03/08","713.5300","2625740.0000","708.3900","722.2500","704.0000"
"2016/03/07","712.8000","3085143.0000","725.1500","727.2100","705.1400"
"2016/03/04","730.2200","2424117.0000","734.8000","735.0000","725.6200"
"2016/03/03","731.5900","2025542.0000","739.4800","741.0000","729.6300"
"2016/03/02","739.4800","1814990.0000","742.8700","743.1210","733.2500"
"2016/03/01","742.1700","3003534.0000","721.3000","742.3300","718.6400"
"2016/02/29","717.2200","2248577.0000","721.0000","730.6000","716.8400"
"2016/02/26","724.8600","2122722.0000","733.6000","736.1600","721.9392"
"2016/02/25","729.1200","1806153.0000","722.9300","729.5100","713.2300"
"2016/02/24","720.9000","1846479.0000","710.6100","721.2200","702.0200"
"2016/02/23","717.2900","2062573.0000","726.1000","730.9000","715.6700"
"2016/02/22","729.0500","1875263.0000","729.5100","734.8450","723.4500"
"2016/02/19","722.1100","1745074.0000","715.9000","724.0300","713.1200"
"2016/02/18","717.5100","2362978.0000","733.9600","736.0000","715.5500"
"2016/02/17","731.9700","2456691.0000","727.0000","733.7600","716.6100"
"2016/02/16","717.6400","2170580.0000","718.6500","722.8789","710.1800"
"2016/02/12","706.8900","2326729.0000","712.2100","716.0000","701.5800"
"2016/02/11","706.3600","3245164.0000","696.3400","712.3150","691.1900"
"2016/02/10","706.8500","3012501.0000","711.7900","723.2200","705.3900"
"2016/02/09","701.0200","4200412.0000","692.9500","720.9600","688.5000"
"2016/02/08","704.1600","4446576.0000","687.6800","704.5200","682.0100"
"2016/02/05","703.7600","5470489.0000","725.5000","726.7200","700.1400"
"2016/02/04","730.0300","5234019.0000","744.5900","745.2400","722.6001"
"2016/02/03","749.3800","6551756.0000","786.2800","791.4300","736.2600"
"2016/02/02","780.9100","6784651.0000","800.5000","810.3500","780.6000"
"2016/02/01","770.7700","5450452.0000","771.2600","777.5900","761.3800"
"2016/01/29","761.3500","3783526.0000","748.9600","765.1050","744.2000"
"2016/01/28","748.3000","3099545.0000","738.1900","751.1600","730.6000"
"2016/01/27","717.5800","2105853.0000","735.8900","735.8900","713.4500"
"2016/01/26","733.7900","1545696.0000","735.2100","739.4600","726.9700"
"2016/01/25","733.6200","2264914.0000","743.8400","752.4600","732.5010"
"2016/01/22","745.4600","2357079.0000","742.0000","748.5600","740.5000"
"2016/01/21","726.6700","2595123.0000","720.1700","737.6700","711.1100"
"2016/01/20","718.5600","4118503.0000","705.9000","726.9500","687.7800"
"2016/01/19","719.0800","2434005.0000","720.1500","725.3500","709.8500"
"2016/01/15","710.4900","3789249.0000","709.9900","724.1580","701.5100"
"2016/01/14","731.3900","2768633.0000","724.4400","739.8900","705.0000"
"2016/01/13","719.5700","2578588.0000","749.3400","753.0000","716.7800"
"2016/01/12","745.3400","2337503.0000","740.7500","748.3400","736.4300"
"2016/01/11","733.0700","2537985.0000","731.9500","735.0800","719.5600"
"2016/01/08","730.9100","2374762.0000","747.8000","750.1200","728.9201"
"2016/01/07","741.0000","3152358.0000","746.4900","755.3100","735.2800"
"2016/01/06","759.3300","2408797.0000","750.3700","765.7300","748.0000"
"2016/01/05","761.5300","2257466.0000","764.1000","769.2000","755.6500"
"2016/01/04","759.4400","3363528.0000","762.2000","762.2000","747.5400"
"2015/12/31","778.0100","1637241.0000","787.8200","788.3300","777.3200"
"2015/12/30","790.3000","1427271.0000","793.9600","796.4550","787.2000"
"2015/12/29","793.9600","1919541.0000","786.9900","798.6900","786.2020"
"2015/12/28","782.2400","1555564.0000","770.0000","782.8150","767.7300"
"2015/12/24","765.8400","521141.0000","768.5200","769.2000","764.3900"
"2015/12/23","768.5100","1529510.0000","770.6900","771.9000","757.6500"
"2015/12/22","767.1300","1814253.0000","764.2700","770.3400","761.2000"
"2015/12/21","760.8000","1737946.0000","763.0500","766.3500","754.1500"
"2015/12/18","756.8500","3374853.0000","767.2300","774.1400","756.5900"
"2015/12/17","769.8300","1823211.0000","781.1600","781.5900","769.3000"
"2015/12/16","776.5900","2651259.0000","766.5700","781.5000","757.0450"
"2015/12/15","760.0900","2461633.0000","767.7900","774.7500","758.0000"
"2015/12/14","762.5400","2698393.0000","751.2600","764.1500","736.2600"
"2015/12/11","750.4200","2156617.0000","749.0000","757.4400","748.6500"
"2015/12/10","760.0400","1620898.0000","763.5900","766.0655","755.0000"
"2015/12/09","762.5500","2311713.0000","771.1000","776.0926","752.0066"
"2015/12/08","775.1400","1553155.0000","764.5000","778.6500","762.5200"
"2015/12/07","772.9900","1825712.0000","780.0600","781.0000","766.7200"
"2015/12/04","779.2100","2489157.0000","769.7100","782.4200","765.5100"
"2015/12/03","768.2000","2094623.0000","780.5600","784.4800","762.4500"
"2015/12/02","777.8500","2335118.0000","785.2500","793.0475","776.4300"
"2015/12/01","783.7900","2016443.0000","766.9400","785.0000","765.9500"
"2015/11/30","762.8500","1611922.0000","771.8700","775.0300","761.1200"
"2015/11/27","771.9700","722320.0000","769.1600","774.0000","767.0001"
"2015/11/25","769.2600","1180083.0000","771.6900","773.0000","766.5300"
"2015/11/24","769.6300","2391171.0000","772.9600","775.9900","758.1100"
"2015/11/23","776.7000","1732340.0000","777.4700","782.9000","773.5100"
"2015/11/20","777.0000","2772642.0000","769.3000","779.3180","764.1000"
"2015/11/19","759.9400","1403664.0000","759.7800","763.2300","757.2300"
"2015/11/18","760.0100","1809897.0000","749.5700","761.1000","747.3900"
"2015/11/17","745.9800","1941187.0000","752.4700","754.9500","744.0500"
"2015/11/16","750.4200","2531896.0000","740.2100","751.7100","734.3300"
"2015/11/13","740.0700","2406131.0000","754.0400","755.3300","739.4700"
"2015/11/12","756.5300","1768372.0000","760.1800","765.7990","755.8600"
"2015/11/11","765.2500","2093422.0000","762.3800","769.0800","759.7500"
"2015/11/10","758.2600","1489851.0000","753.4800","760.6000","748.4100"
"2015/11/09","754.7700","1776667.0000","758.5200","763.3000","749.1100"
"2015/11/06","761.6000","1675784.0000","759.3900","763.0220","755.0300"
"2015/11/05","760.6700","2272684.0000","758.8100","766.3500","757.4700"
"2015/11/04","755.3100","2087911.0000","749.9000","759.9000","749.2000"
"2015/11/03","748.8200","1814805.0000","745.4300","751.6980","741.1600"
"2015/11/02","747.7400","1994264.0000","737.8800","748.1800","731.4500"
"2015/10/30","737.3900","1997533.0000","745.5600","746.3100","736.5300"
"2015/10/29","744.8500","1824574.0000","736.6300","746.7900","735.1600"
"2015/10/28","736.9200","1967439.0000","733.0000","737.3700","727.2700"
"2015/10/27","732.8200","1936404.0000","726.5700","735.9642","724.1350"
"2015/10/26","731.1200","2411726.0000","720.0200","734.9500","720.0200"
"2015/10/23","719.3300","6330015.0000","750.0600","752.5000","717.9400"
"2015/10/22","681.1400","4360204.0000","675.4400","688.0499","671.7000"
"2015/10/21","671.8000","1604735.0000","683.2100","684.9000","670.7000"
"2015/10/20","680.0000","2619471.0000","697.8900","698.0000","673.6800"
"2015/10/19","699.9500","1502651.0000","694.0000","700.2397","692.2100"
"2015/10/16","695.3200","1815517.0000","695.4000","696.2200","689.1000"
"2015/10/15","693.0200","2355459.0000","685.2500","694.1600","684.3900"
"2015/10/14","680.4100","1563983.0000","683.7300","690.0400","678.9000"
"2015/10/13","683.1700","2115479.0000","674.2600","688.4600","673.1080"
"2015/10/12","676.4300","1331892.0000","669.1900","677.9800","667.2400"
"2015/10/09","671.2400","1604461.0000","667.4900","674.0850","662.3600"
"2015/10/08","667.0000","1963318.0000","669.4500","671.8900","654.4900"
"2015/10/07","670.0000","2188886.0000","677.4000","678.7400","658.1100"
"2015/10/06","671.6400","2156640.0000","669.3500","678.8000","663.0823"
"2015/10/05","671.6800","1896277.0000","661.6000","673.0275","655.8700"
"2015/10/02","656.9900","2434071.0000","638.0100","658.2555","633.5000"
"2015/10/01","642.0000","2117079.0000","637.9400","643.8400","631.1150"
"2015/09/30","638.3700","2644953.0000","631.8300","639.3100","629.1500"
"2015/09/29","622.6100","2106411.0000","625.5000","634.6800","618.0300"
"2015/09/28","624.2500","2372041.0000","639.0500","642.8500","617.8400"
"2015/09/25","640.1500","2421258.0000","658.5800","658.5800","639.6550"
"2015/09/24","654.9100","1933343.0000","648.9700","656.7699","642.1650"
"2015/09/23","653.2900","1455506.0000","652.9000","660.2800","650.7301"
"2015/09/22","653.2000","2714760.0000","657.4700","658.8200","645.0300"
"2015/09/21","666.9800","1908296.0000","665.5100","669.0000","658.0000"
"2015/09/18","660.9200","3622426.0000","665.0600","669.8400","660.0300"
"2015/09/17","671.6700","2372191.0000","667.4900","681.9900","665.0000"
"2015/09/16","665.5200","1311353.0000","665.5500","668.0699","662.2000"
"2015/09/15","665.0700","1776383.0000","656.7100","668.8500","653.3400"
"2015/09/14","652.4700","1497577.0000","655.6300","655.9200","649.5010"
"2015/09/11","655.3000","1744371.0000","650.2100","655.3100","647.4100"
"2015/09/10","651.0800","1387402.0000","643.9000","654.9000","641.7000"
"2015/09/09","643.4100","2046496.0000","651.8800","657.3600","640.9000"
"2015/09/08","643.8800","1952855.0000","641.0000","645.0400","632.9000"
"2015/09/04","628.9600","2021368.0000","629.7000","634.5000","626.5000"
"2015/09/03","637.0500","1726636.0000","647.9300","651.2500","633.8073"
"2015/09/02","644.9100","1876564.0000","638.0000","645.0570","630.6400"
"2015/09/01","629.5600","2572229.0000","633.8100","644.4400","625.0600"
"2015/08/31","647.8200","1939177.0000","654.3400","664.4100","646.3500"
"2015/08/28","659.6900","1937829.0000","665.7600","667.0000","653.7500"
"2015/08/27","667.9600","2943990.0000","671.9900","673.9799","651.1000"
"2015/08/26","659.7400","4292376.0000","643.1000","662.4800","630.3700"
"2015/08/25","612.4700","3565971.0000","646.4680","647.0000","611.6700"
"2015/08/24","618.1100","6472137.0000","600.6000","644.3300","593.0900"
"2015/08/21","644.0300","4525625.0000","671.0400","672.8900","643.1040"
"2015/08/20","679.4800","2885476.0000","689.1000","696.1600","675.2801"
"2015/08/19","694.0400","2507033.0000","690.1100","700.2000","686.8000"
"2015/08/18","688.7300","1385267.0000","691.0700","695.7568","685.3200"
"2015/08/17","694.1100","1231922.0000","688.0400","694.7400","683.0600"
"2015/08/14","689.3700","1379730.0000","684.0400","692.2600","682.9000"
"2015/08/13","686.5100","1812741.0000","689.2000","694.0300","682.1800"
"2015/08/12","691.4700","2926164.0000","694.4900","696.0000","680.5100"
"2015/08/11","690.3000","5472566.0000","699.5800","704.0000","684.3200"
"2015/08/10","663.1400","1587541.0000","667.0900","671.6200","660.2300"
"2015/08/07","664.3900","1376441.0000","667.7800","668.7950","658.8700"
"2015/08/06","670.1500","2031876.0000","673.9900","674.7500","660.7300"
"2015/08/05","673.2900","1821862.0000","665.7500","679.9100","665.5827"
"2015/08/04","661.2800","1306378.0000","664.3400","668.0000","660.5100"
"2015/08/03","664.7200","1561711.0000","657.6600","666.6700","657.6600"
"2015/07/31","657.5000","1744458.0000","664.7000","664.9999","657.2000"
"2015/07/30","664.5600","1979981.0000","657.4400","668.0500","651.6900"
"2015/07/29","661.4300","1835632.0000","662.2600","663.3300","652.8400"
"2015/07/28","659.6600","1718071.0000","661.7600","664.1000","653.4100"
"2015/07/27","658.2700","2917862.0000","651.5700","667.0700","651.5500"
"2015/07/24","654.7700","4127302.0000","676.7700","677.7900","653.1800"
"2015/07/23","674.7300","3738692.0000","691.8500","696.0700","671.5900"
"2015/07/22","695.1000","4132750.0000","694.0200","713.3300","691.6200"
"2015/07/21","695.3500","3764433.0000","684.8800","705.6000","684.1500"
"2015/07/20","692.8400","5116327.0000","688.9800","697.8000","681.7700"
"2015/07/17","699.6200","12846880.0000","680.0000","703.0000","678.0000"
"2015/07/16","601.7800","5401450.0000","589.5000","604.5000","587.9200"
"2015/07/15","583.9600","2067590.0000","583.7400","588.6900","580.2100"
"2015/07/14","584.1800","3710928.0000","574.5000","589.7087","574.1700"
"2015/07/13","571.7300","2085866.0000","559.5100","572.8500","558.7000"
"2015/07/10","556.1100","2169406.0000","553.7100","559.2900","552.0000"
"2015/07/09","544.6500","1485579.0000","548.6500","548.8800","544.6200"
"2015/07/08","541.7000","1380910.0000","545.6000","548.2800","541.2000"
"2015/07/07","550.0300","1678926.0000","547.4300","551.0000","539.8500"
"2015/07/06","545.6200","1277899.0000","542.2500","548.5800","542.0950"
"2015/07/02","547.3400","1406198.0000","544.7400","548.0000","543.5700"
"2015/07/01","543.3000","1536068.0000","543.6600","545.8100","539.7600"
"2015/06/30","540.0400","1724359.0000","545.0900","545.9000","539.5400"
"2015/06/29","541.2500","1880383.0000","546.7500","550.9000","540.2400"
"2015/06/26","553.0600","2183443.0000","559.7100","560.0000","551.8500"
"2015/06/25","557.9500","1335133.0000","560.3000","563.1400","557.4550"
"2015/06/24","558.5700","1442149.0000","562.4800","562.6400","556.8100"
"2015/06/23","563.3900","1568936.0000","559.7900","564.9000","557.1500"
"2015/06/22","559.6800","1735267.0000","559.4100","565.6100","558.9100"
"2015/06/19","557.5200","2961487.0000","556.5200","557.9100","552.2580"
"2015/06/18","556.1800","2058702.0000","548.0000","557.2500","548.0000"
"2015/06/17","546.6000","1216067.0000","545.4200","548.3600","541.8100"
"2015/06/16","544.8700","1625462.0000","544.4800","546.6900","541.5724"
"2015/06/15","543.0000","1357406.0000","542.7300","544.0500","539.2100"
"2015/06/12","547.4700","1272112.0000","547.1500","548.8500","545.6300"
"2015/06/11","550.0400","1287655.0000","554.4900","554.8300","549.1700"
"2015/06/10","552.6000","1512572.0000","545.7000","554.7800","545.1100"
"2015/06/09","542.1600","1496543.0000","543.4200","544.8400","538.8506"
"2015/06/08","543.4800","1366108.0000","549.6100","549.8700","542.9500"
"2015/06/05","549.5300","1218634.0000","552.0000","553.3300","547.3840"
"2015/06/04","551.6900","1316279.0000","552.1800","555.9600","549.1200"
"2015/06/03","555.2900","1333465.0000","555.1000","557.9900","552.1500"
"2015/06/02","553.9500","1592575.0000","547.4300","558.7900","546.5500"
"2015/06/01","549.2100","1653245.0000","548.7300","550.5700","543.5800"
"2015/05/29","545.3200","2158011.0000","553.2000","553.9400","545.0400"
"2015/05/28","554.1800","1177318.0000","553.7900","555.7600","550.8000"
"2015/05/27","554.2500","1742062.0000","548.6800","555.2900","546.5813"
"2015/05/26","547.1900","1866458.0000","552.5800","553.3305","542.9700"
"2015/05/22","554.5200","1209496.0000","554.4600","558.2400","553.6200"
"2015/05/21","556.8100","1707151.0000","550.2000","557.6100","549.3010"
"2015/05/20","552.5100","1540493.0000","550.9200","556.0650","545.1000"
"2015/05/19","549.2800","2354545.0000","548.0000","553.4000","547.1200"
"2015/05/18","546.6700","1333895.0000","543.8200","548.3400","542.2500"
"2015/05/15","546.4900","1669028.0000","550.3900","550.6000","542.5000"
"2015/05/14","549.2000","1583182.0000","543.9700","549.6900","542.5000"
"2015/05/13","539.4900","1211630.0000","540.4700","543.8400","538.9800"
"2015/05/12","538.7300","1762653.0000","542.8100","542.9610","535.0000"
"2015/05/11","545.7800","1091503.0000","548.4900","553.3699","545.6000"
"2015/05/08","548.9500","1411047.0000","548.8700","552.8000","548.0300"
"2015/05/07","542.0400","1590003.0000","535.9000","545.2000","533.4500"
"2015/05/06","535.0800","1948741.0000","542.6400","543.9300","532.2350"
"2015/05/05","543.0450","1422862.0000","550.1600","552.6100","542.3700"
"2015/05/04","552.8400","1750805.0000","550.9900","556.6900","547.3900"
"2015/05/01","551.1600","1730758.0000","550.5100","551.2200","543.8500"
"2015/04/30","548.7700","2359357.0000","558.5600","561.1100","546.7200"
"2015/04/29","561.3900","1680892.0000","560.5100","565.8400","559.0000"
"2015/04/28","564.3700","1859750.0000","564.3200","567.8300","560.9600"
"2015/04/27","566.1200","2398657.0000","572.7700","575.5200","562.3000"
"2015/04/24","573.6600","4608117.0000","580.0500","584.7000","568.3500"
"2015/04/23","557.4600","3832155.0000","550.4100","561.1700","550.0800"
"2015/04/22","549.1800","1588353.0000","543.0600","551.0000","541.3200"
"2015/04/21","542.9250","1456074.0000","546.3100","547.7745","542.2100"
"2015/04/20","544.5300","1925377.0000","533.7500","545.8000","533.3500"
"2015/04/17","532.7400","2458770.0000","537.3100","539.8000","529.0000"
"2015/04/16","543.5200","1582777.0000","538.3500","545.2290","538.1000"
"2015/04/15","541.0400","2345682.0000","537.9600","543.1900","532.3700"
"2015/04/14","539.7800","2357586.0000","546.5700","546.5700","535.7400"
"2015/04/13","548.6400","1466277.0000","547.0500","553.2700","546.3000"
"2015/04/10","548.5400","1305197.0000","549.5700","549.8500","544.9800"
"2015/04/09","548.0200","1617785.0000","549.2100","549.3700","541.9510"
"2015/04/08","548.8400","1419291.0000","546.0000","551.5000","546.0000"
"2015/04/07","544.8600","1365906.0000","544.9900","550.1600","543.5850"
"2015/04/06","543.9500","1684445.0000","538.8400","545.5400","535.7000"
"2015/04/02","541.3100","2387229.0000","547.4100","548.0000","540.4400"
"2015/04/01","549.4900","1936432.0000","554.8300","558.5000","546.0300"
"2015/03/31","554.7000","1746223.0000","557.9400","562.4500","554.6700"
"2015/03/30","561.1350","1238950.0000","560.2500","562.1600","556.7900"
"2015/03/27","557.5500","1725780.0000","561.8300","564.0660","556.9300"
"2015/03/26","563.6400","2489407.0000","564.6500","567.1900","558.3100"
"2015/03/25","567.0000","2652778.0000","577.5700","580.0700","567.0000"
"2015/03/24","577.5400","3952003.0000","568.5400","581.8800","568.0900"
"2015/03/23","565.3700","1501661.0000","566.0000","569.6399","563.0600"
"2015/03/20","564.9500","2212764.0000","566.7100","567.1000","564.4800"
"2015/03/19","563.6700","1230348.0000","564.5200","566.9600","562.1200"
"2015/03/18","566.1600","1762169.0000","557.7300","566.5100","553.5000"
"2015/03/17","557.6100","1443991.0000","558.2900","560.6400","554.4100"
"2015/03/16","561.6400","1840931.0000","556.9300","563.7500","551.3200"
"2015/03/13","553.0000","1769482.0000","559.2300","564.3600","550.3300"
"2015/03/12","561.1700","1779635.0000","558.4800","561.8400","555.5300"
"2015/03/11","555.6900","2025341.0000","559.8000","564.1800","555.4100"
"2015/03/10","559.8500","2002985.0000","568.4750","569.7620","559.8200"
"2015/03/09","574.1000","1174148.0000","570.9200","575.4500","569.0500"
"2015/03/06","572.9000","1877842.0000","582.0000","582.7800","572.0600"
"2015/03/05","581.4350","1795117.0000","579.6200","583.2000","578.2300"
"2015/03/04","578.3300","1897566.0000","576.9700","581.6300","572.5200"
"2015/03/03","578.7950","2526019.0000","576.3500","580.8500","570.5000"
"2015/03/02","575.0200","2515699.0000","567.0000","575.9900","563.1500"
"2015/02/27","562.6300","3414672.0000","558.1500","569.4200","557.0300"
"2015/02/26","559.2900","2700734.0000","545.7400","560.1299","545.0900"
"2015/02/25","547.3300","2041250.0000","538.4400","549.5700","538.0100"
"2015/02/24","538.6500","1421363.0000","531.5500","539.4000","531.0000"
"2015/02/23","535.0000","1642529.0000","539.0000","539.3000","532.0000"
"2015/02/20","541.8000","1911661.0000","547.5800","547.5800","538.1000"
"2015/02/19","546.4500","1541664.0000","542.4700","546.8600","540.7500"
"2015/02/18","542.6500","1462015.0000","543.8200","547.5500","539.5500"
"2015/02/17","545.0100","1957516.0000","551.1600","553.0000","543.2600"
"2015/02/13","551.1600","2298660.0000","547.5100","552.5400","546.6000"
"2015/02/12","546.0100","2427255.0000","539.6600","548.3400","537.0000"
"2015/02/11","538.0000","1914093.0000","539.7300","541.9500","536.0000"
"2015/02/10","540.1600","2367572.0000","532.1500","541.0000","529.1725"
"2015/02/09","529.2800","1513810.0000","531.0600","533.8800","527.5500"
"2015/02/06","533.8750","2144723.0000","531.0100","540.2150","528.6500"
"2015/02/05","529.8300","1658557.0000","527.9300","530.6900","525.6400"
"2015/02/04","526.1000","1692531.0000","533.1400","536.7460","525.0300"
"2015/02/03","533.3000","2352437.0000","529.9400","537.4500","526.8100"
"2015/02/02","532.2000","3765337.0000","534.3200","536.5000","521.7200"
"2015/01/30","537.5500","6053660.0000","519.0000","543.1000","518.1800"
"2015/01/29","513.2300","3889925.0000","512.9000","515.1900","503.4800"
"2015/01/28","512.4300","1784237.0000","525.0000","525.6900","512.3500"
"2015/01/27","521.1900","1956292.0000","531.4000","532.7800","520.8612"
"2015/01/26","536.7200","1546251.0000","541.5000","541.5000","532.0700"
"2015/01/23","541.9500","2295988.0000","538.0300","545.4100","535.7508"
"2015/01/22","537.3000","2799380.0000","523.0000","538.8400","521.9100"
"2015/01/21","520.3900","2316928.0000","510.8400","521.8510","509.5900"
"2015/01/20","509.9400","2340379.0000","512.7700","515.6100","509.3700"
"2015/01/16","510.4550","2482675.0000","503.1500","510.8500","503.0900"
"2015/01/15","504.0100","2553978.0000","508.8900","509.7500","502.0100"
"2015/01/14","505.9300","2633957.0000","500.4200","508.2600","498.1600"
"2015/01/13","501.8000","3049845.0000","502.5700","508.6000","497.2600"
"2015/01/12","497.0600","2855348.0000","499.2400","500.2800","490.9100"
"2015/01/09","500.7200","2097137.0000","508.1800","508.6000","498.6500"
"2015/01/08","506.9100","3661816.0000","501.5100","507.5000","495.0200"
"2015/01/07","505.1500","2345062.0000","510.9500","511.4900","503.6500"
"2015/01/06","506.6400","2727897.0000","520.5000","521.2100","505.5500"
"2015/01/05","519.4600","2054120.0000","527.1500","527.9899","517.7500"
"2015/01/02","529.5500","1325271.0000","532.6000","535.8000","527.8800"
"2014/12/31","530.6600","1235889.0000","537.7400","538.4000","530.2000"
"2014/12/30","535.2800","1046686.0000","534.9600","537.8400","533.6100"
"2014/12/29","537.3100","2217828.0000","540.5000","543.9300","537.1600"
"2014/12/26","541.5200","1113425.0000","536.9300","543.2500","535.4900"
"2014/12/24","536.9300","737848.0000","538.8200","540.2900","535.1000"
"2014/12/23","538.7700","2877193.0000","534.5100","542.3000","533.7200"
"2014/12/22","532.3000","3315632.0000","520.6100","532.9700","520.5900"
"2014/12/19","520.0400","4804183.0000","516.9900","520.8100","508.8600"
"2014/12/18","514.6200","3873317.0000","515.9900","516.2500","506.5600"
"2014/12/17","506.4500","3636510.0000","499.8600","509.0700","499.1100"
"2014/12/16","498.1600","4343007.0000","513.6000","515.5800","497.1900"
"2014/12/15","515.8400","2618113.0000","523.7600","525.3700","515.3970"
"2014/12/12","521.5100","2370357.0000","527.4400","532.2400","521.4600"
"2014/12/11","532.1100","2071269.0000","530.0100","537.0400","529.1600"
"2014/12/10","528.0400","2315070.0000","535.9000","539.3600","527.4900"
"2014/12/09","536.1100","2166487.0000","525.8750","536.6500","523.4100"
"2014/12/08","530.7300","3231114.0000","529.2200","533.8150","527.0000"
"2014/12/05","528.0800","3067025.0000","536.7000","538.2000","527.2600"
"2014/12/04","542.5800","1630810.0000","537.6400","542.6900","534.8900"
"2014/12/03","536.9700","1623977.0000","537.5000","541.4050","535.2100"
"2014/12/02","538.5900","2073746.0000","539.4500","541.8500","534.6570"
"2014/12/01","539.6500","1991727.0000","545.0900","548.7900","538.6200"
"2014/11/28","549.0800","1210061.0000","547.0000","549.6000","544.4801"
"2014/11/26","547.7300","1480222.0000","549.2300","549.8800","545.2300"
"2014/11/25","549.2300","1901867.0000","547.2100","552.5000","546.9100"
"2014/11/24","547.4800","1651178.0000","546.5700","551.1900","544.1500"
"2014/11/21","545.8900","2495482.0000","551.0400","551.0400","545.0000"
"2014/11/20","543.7600","1749993.0000","542.0900","545.3800","541.5000"
"2014/11/19","547.2000","1514254.0000","544.7500","548.2200","539.1900"
"2014/11/18","544.5100","1821114.0000","547.9300","552.7900","543.8000"
"2014/11/17","546.6400","1672965.0000","555.1900","555.1900","544.4400"
"2014/11/14","555.1900","1424141.0000","558.0000","558.0000","552.5100"
"2014/11/13","556.4400","1509412.0000","560.8100","560.8199","554.0900"
"2014/11/12","558.2500","1091207.0000","561.1500","561.2500","555.5000"
"2014/11/11","561.2900","1096715.0000","558.5200","562.5000","556.2419"
"2014/11/10","558.2300","1298160.0000","552.4000","560.6300","551.6200"
"2014/11/07","551.8200","1588998.0000","555.6000","555.6000","549.3500"
"2014/11/06","551.6900","1649048.0000","555.5000","556.7990","550.5800"
"2014/11/05","555.9500","1638667.0000","566.7900","566.9000","554.1500"
"2014/11/04","564.1900","1384902.0000","561.1600","564.7900","558.3000"
"2014/11/03","563.7700","1541486.0000","563.5300","567.1500","561.6300"
"2014/10/31","567.8700","2339196.0000","568.3000","568.7300","564.8100"
"2014/10/30","560.2700","1611177.0000","558.2500","562.5000","552.1300"
"2014/10/29","558.4500","2052623.0000","560.8500","564.9700","555.9800"
"2014/10/28","558.9400","1731315.0000","551.7100","559.2000","550.4300"
"2014/10/27","549.8800","1596722.0000","547.7600","554.0000","547.2000"
"2014/10/24","548.9000","2172669.0000","554.9800","555.0000","545.1600"
"2014/10/23","553.6500","2150880.0000","548.2800","557.4000","545.5000"
"2014/10/22","542.6900","2973468.0000","541.0500","550.7600","540.2300"
"2014/10/21","538.0300","2459395.0000","537.2700","538.7700","530.2000"
"2014/10/20","532.3800","2747409.0000","520.4500","533.1600","519.1400"
"2014/10/17","522.9700","5992238.0000","540.4500","543.4500","518.4100"
"2014/10/16","536.9200","3784199.0000","527.0000","540.9900","524.9500"
"2014/10/15","540.7300","3808148.0000","542.0800","543.9150","528.4220"
"2014/10/14","548.6900","2608672.0000","550.1400","558.6300","544.5000"
"2014/10/13","544.7500","2751949.0000","555.1300","560.8750","544.4300"
"2014/10/10","555.1900","2978506.0000","567.4700","575.2300","555.0100"
"2014/10/09","570.8100","2407643.0000","581.6100","582.5300","569.0300"
"2014/10/08","583.7400","2206710.0000","574.7900","584.6900","567.6400"
"2014/10/07","574.1000","1544014.0000","584.9000","585.8500","574.1000"
"2014/10/06","587.7800","1285696.0000","589.9500","592.4000","585.4000"
"2014/10/03","586.2500","1211716.0000","584.1000","588.2900","583.5000"
"2014/10/02","580.8800","1541071.0000","578.0000","583.2400","574.0500"
"2014/10/01","579.6300","1447666.0000","586.8000","588.7200","578.0200"
"2014/09/30","588.4100","1571469.0000","587.4900","591.0000","584.5000"
"2014/09/29","587.8100","1142659.0000","581.8300","589.3100","581.5700"
"2014/09/26","587.9000","1288870.0000","585.9300","589.5739","585.0000"
"2014/09/25","585.2500","1665860.0000","596.9900","598.0700","584.7400"
"2014/09/24","598.4200","1757807.0000","591.5700","600.1100","590.3000"
"2014/09/23","591.1800","1401711.0000","595.0000","596.6500","590.2400"
"2014/09/22","597.2700","1782194.0000","602.5000","603.8000","593.1200"
"2014/09/19","605.4000","4184064.0000","599.4900","605.4000","597.7600"
"2014/09/18","597.2700","1493346.0000","595.0500","597.5600","593.0200"
"2014/09/17","593.2900","1711642.0000","589.5100","596.0700","587.1200"
"2014/09/16","588.7800","1578274.0000","580.9500","590.1500","580.9500"
"2014/09/15","581.6400","1544649.0000","582.2400","583.9200","577.0100"
"2014/09/12","584.9000","1848820.0000","590.3900","591.4800","583.2800"
"2014/09/11","591.1100","1499553.0000","590.0000","591.9450","586.0400"
"2014/09/10","593.4200","1156693.0000","591.7400","593.7200","587.1400"
"2014/09/09","591.9700","1571006.0000","600.2700","600.6000","590.4800"
"2014/09/08","601.6300","1598620.0000","599.1400","603.5200","598.0231"
"2014/09/05","597.7800","1798013.0000","595.1300","598.5000","593.5500"
"2014/09/04","593.1400","1630391.0000","592.1300","598.0000","590.6000"
"2014/09/03","589.5200","1578792.0000","591.7300","594.4900","586.5000"
"2014/09/02","588.6300","1581444.0000","582.9500","589.3000","582.4000"
"2014/08/29","582.3600","1205814.0000","582.3500","582.8999","578.2400"
"2014/08/28","580.3200","1405713.0000","580.0200","584.7100","577.8800"
"2014/08/27","583.0000","1363287.0000","587.8100","589.3700","580.9000"
"2014/08/26","588.1200","1470046.0000","592.0000","592.0500","587.4500"
"2014/08/25","590.5700","1295469.0000","594.7700","595.5800","589.2600"
"2014/08/22","592.5400","876231.0000","593.2700","594.9900","589.8000"
"2014/08/21","592.4200","1131118.0000","594.9000","595.2500","591.1010"
"2014/08/20","595.4100","967253.0000","596.9500","596.9900","593.0010"
"2014/08/19","597.1100","1040746.0000","595.5900","597.8100","594.4400"
"2014/08/18","592.7000","1464370.0000","587.1000","595.0500","586.5500"
"2014/08/15","583.7100","1723366.0000","587.5000","589.4700","580.7600"
"2014/08/14","584.6500","1272369.0000","586.6900","587.8000","580.9200"
"2014/08/13","584.5600","1898211.0000","576.4500","586.1250","575.2000"
"2014/08/12","572.1200","1390807.0000","575.0000","575.9000","569.9100"
"2014/08/11","577.2500","1171290.0000","579.0000","579.6900","575.2980"
"2014/08/08","577.9400","1493324.0000","572.0200","579.5639","569.0200"
"2014/08/07","571.8100","1162124.0000","576.0500","578.3100","569.4300"
"2014/08/06","574.4900","1322760.0000","569.5000","578.6440","567.4500"
"2014/08/05","573.1400","1648328.0000","579.3800","580.2000","570.3100"
"2014/08/04","582.2700","1516299.0000","576.5100","583.8200","572.2600"
"2014/08/01","573.6000","2209772.0000","578.5550","583.4300","570.3000"
"2014/07/31","579.5500","2307214.0000","588.9600","591.9899","577.6800"
"2014/07/30","595.4400","1215052.0000","595.8100","598.4500","592.7000"
"2014/07/29","593.9500","1364289.0000","597.7000","598.4900","592.1700"
"2014/07/28","599.0200","1357713.0000","597.7500","601.0980","592.5900"
"2014/07/25","598.0800","1359950.0000","599.2500","601.0000","595.7500"
"2014/07/24","603.0100","1293149.0000","605.5300","608.9100","601.0000"
"2014/07/23","605.1900","1105900.0000","602.0500","607.0500","601.3500"
"2014/07/22","603.5700","1879176.0000","599.7000","608.8900","599.2576"
"2014/07/21","598.4400","2237320.0000","601.3500","604.1600","594.4500"
"2014/07/18","605.1100","4869149.0000","603.0100","606.7000","590.9200"
"2014/07/17","580.8200","2906223.0000","588.9700","589.5000","576.8500"
"2014/07/16","590.6200","1440365.0000","596.8900","597.0000","590.2500"
"2014/07/15","593.0600","1672965.0000","595.1500","595.2999","585.3100"
"2014/07/14","594.2600","1951055.0000","590.6000","594.8600","586.6930"
"2014/07/11","586.6500","1511384.0000","581.0000","588.2300","580.5750"
"2014/07/10","580.0400","1434626.0000","573.0000","585.2500","572.1001"
"2014/07/09","583.3600","1371057.0000","578.9500","584.1000","577.0000"
"2014/07/08","578.4000","2125090.0000","586.3650","587.9700","574.0000"
"2014/07/07","590.7600","1334876.0000","593.5100","595.6450","587.9400"
"2014/07/03","593.0800","898852.0000","591.7000","594.2500","589.0000"
"2014/07/02","590.7800","1195250.0000","592.2600","594.1500","589.1100"
"2014/07/01","591.4900","1643199.0000","587.6500","593.6600","586.2900"
"2014/06/30","584.6700","1478867.0000","586.7600","587.7100","583.2900"
"2014/06/27","585.6900","2015965.0000","585.4500","587.8800","582.6200"
"2014/06/26","584.7700","2001257.0000","589.3000","589.6000","579.6000"
"2014/06/25","585.9300","2110029.0000","573.5500","587.3000","573.2600"
"2014/06/24","572.5400","2843997.0000","574.2200","582.2500","569.1600"
"2014/06/23","574.2900","1722711.0000","564.3500","574.4400","563.5000"
"2014/06/20","566.5200","3156309.0000","566.4500","566.7700","559.3700"
"2014/06/19","564.9900","2627242.0000","561.1500","565.0000","556.6679"
"2014/06/18","560.6600","2057643.0000","552.8000","561.4000","551.5800"
"2014/06/17","550.6150","1477494.0000","552.3600","553.7400","547.4700"
"2014/06/16","552.3000","1938486.0000","557.2500","557.9900","550.0000"
"2014/06/13","560.3500","1353287.0000","560.0800","560.6500","553.7200"
"2014/06/12","559.5000","1546085.0000","567.0000","567.0000","557.1500"
"2014/06/11","567.5000","1128417.0000","565.9200","568.9700","563.6800"
"2014/06/10","568.3000","1472116.0000","568.7800","572.0000","566.1300"
"2014/06/09","570.7300","1529355.0000","566.7500","572.0000","565.2200"
"2014/06/06","566.0300","1740248.0000","568.1600","568.7999","559.5800"
"2014/06/05","564.9300","1792859.0000","557.1100","565.0000","555.0500"
"2014/06/04","553.7600","1729048.0000","551.5200","558.5800","548.5600"
"2014/06/03","554.5100","2026954.0000","560.9000","562.4000","552.5275"
"2014/06/02","564.3400","1660355.0000","569.7500","570.4100","556.7000"
"2014/05/30","571.6500","1871693.0000","571.6400","572.5800","565.7900"
"2014/05/29","570.5600","1409408.0000","573.3900","573.4800","568.4525"
"2014/05/28","570.4500","1580200.0000","574.5700","577.6600","569.9520"
"2014/05/27","574.8700","2185798.0000","567.7800","574.8700","564.1500"
"2014/05/23","563.8000","2672414.0000","558.1300","565.0000","554.1700"
"2014/05/22","555.4500","2146620.0000","552.2000","557.9600","551.0000"
"2014/05/21","549.7000","1562619.0000","542.9000","549.7500","542.1100"
"2014/05/20","540.3900","2424962.0000","540.0000","546.3500","536.5700"
"2014/05/19","538.8300","1976325.0000","528.8800","539.3500","525.6600"
"2014/05/16","528.3000","1907537.0000","529.6000","530.8400","523.5700"
"2014/05/15","529.1200","1829143.0000","533.1400","533.9999","525.3100"
"2014/05/14","534.4100","1280903.0000","541.8200","541.8200","533.1100"
"2014/05/13","541.5400","2010474.0000","539.5800","543.9900","537.9000"
"2014/05/12","538.4300","1944902.0000","531.8400","538.7500","527.5100"
"2014/05/09","526.6200","2261215.0000","518.6500","527.3500","514.2800"
"2014/05/08","520.1700","2450440.0000","515.7200","527.3500","514.4600"
"2014/05/07","518.0000","3071981.0000","523.2500","524.4300","511.0900"
"2014/05/06","522.5700","1834320.0000","533.4100","534.5480","522.2601"
"2014/05/05","535.3300","1228390.0000","530.2400","535.7200","527.5800"
"2014/05/02","533.8700","1779648.0000","541.4400","542.4000","533.2700"
"2014/05/01","538.5300","2003547.0000","534.2500","539.9100","532.8600"
"2014/04/30","534.8800","2036412.0000","535.1200","536.3400","529.0900"
"2014/04/29","536.3300","2531953.0000","523.8900","537.7600","523.0000"
"2014/04/28","522.9800","3750042.0000","525.8000","525.9000","511.0000"
"2014/04/25","523.1000","2369938.0000","532.2600","533.8600","522.5000"
"2014/04/24","534.4400","2065546.0000","541.6900","542.5000","531.0000"
"2014/04/23","537.5100","1954017.0000","543.6700","544.8000","528.1277"
"2014/04/22","545.5000","2326897.0000","536.0000","547.9950","536.0000"
"2014/04/21","539.3700","2422418.0000","544.0000","544.0000","534.0000"
"2014/04/17","543.3400","5604179.0000","556.3200","557.0000","539.4000"
"2014/04/16","563.9000","4535718.0000","557.7000","564.0000","553.1000"
"2014/04/15","548.7000","3992074.0000","551.0000","552.8900","530.6400"
"2014/04/14","545.2000","2538776.0000","543.6600","553.0200","540.5200"
"2014/04/11","537.7600","3174702.0000","537.9400","547.5900","533.4000"
"2014/04/10","546.6900","3294330.0000","568.0000","568.2100","545.5000"
"2014/04/09","567.0400","3031068.0000","565.8400","567.8000","555.3800"
"2014/04/08","557.5100","3482243.0000","545.0500","559.8800","544.7000"
"2014/04/07","540.6300","3946815.0000","544.7900","549.8500","530.5300"
"2014/04/04","545.2500","5363131.0000","578.5500","579.7173","544.4940"
"2014/04/03","571.5000","4012659.0000","573.3900","588.3000","566.0100"
"2014/04/02","573.3900","2085760.0000","576.8250","578.2899","567.7829"
"2014/04/01","573.2839","2180443.0000","565.8987","574.6023","564.7520"
"2014/03/31","562.9890","1939988.0000","571.0158","573.3395","562.1505"
"2014/03/28","565.8381","2253524.0000","565.2571","572.4251","564.6358"
"2014/03/27","562.8729","3818631.0000","571.2431","571.7937","556.7202"
"2014/03/26","571.8089","2554077.0000","586.9834","591.8126","571.5715"
"2014/03/25","585.3215","2410125.0000","588.9990","590.9387","579.4012"
"2014/03/24","584.9224","3036542.0000","598.1875","598.5462","578.8708"
"2014/03/21","597.6066","3207477.0000","609.3613","611.0384","597.3086"
"2014/03/20","604.7393","1684681.0000","606.1486","611.0283","603.8300"
"2014/03/19","605.7950","1610833.0000","612.1346","612.2306","603.3501"
"2014/03/18","611.8618","1817951.0000","603.4815","611.9982","602.6682"
"2014/03/17","602.1832","2160095.0000","595.6921","604.6938","595.1163"
"2014/03/14","592.4339","2293388.0000","597.0762","601.5619","592.2975"
"2014/03/13","600.6476","2339645.0000","610.1898","611.4779","598.4755"
"2014/03/12","609.8614","1964277.0000","604.3554","610.1393","598.1875"
"2014/03/11","606.1688","1712649.0000","613.1297","613.4075","604.4766"
"2014/03/10","612.0184","1214528.0000","614.0996","615.0821","608.2400"
"2014/03/07","613.6450","1514730.0000","619.7118","619.8054","611.9517"
"2014/03/06","616.0798","1267959.0000","617.4285","619.3809","615.5696"
"2014/03/05","615.3978","1235272.0000","613.7763","617.8326","611.9356"
"2014/03/04","613.7056","1467631.0000","613.7511","614.2562","610.9728"
"2014/03/03","607.5327","2104616.0000","609.5836","610.1342","602.2034"
"2014/02/28","614.0794","2313176.0000","616.4485","618.3933","609.3159"
"2014/02/27","615.8777","1259795.0000","615.4635","618.4161","614.7669"
"2014/02/26","616.3627","1982121.0000","618.2974","620.7625","613.1247"
"2014/02/25","616.2768","1438445.0000","614.2259","618.5499","611.4392"
"2014/02/24","612.4932","1674113.0000","608.8815","616.3576","608.7501"
"2014/02/21","608.0884","1862284.0000","610.1191","611.1597","607.6060"
"2014/02/20","608.2500","1700843.0000","607.7600","609.6518","606.2850"
"2014/02/19","607.3559","2103507.0000","608.8511","610.8313","604.9120"
"2014/02/18","611.6699","2108553.0000","606.8861","612.6751","606.1739"
"2014/02/14","607.5883","2193285.0000","603.9563","608.3915","602.5368"
"2014/02/13","606.1234","1835894.0000","596.4498","606.1234","595.8992"
"2014/02/12","599.4504","1724490.0000","600.6173","601.1224","596.7681"
"2014/02/11","601.2134","2050377.0000","596.1569","602.0651","592.1359"
"2014/02/10","592.4996","1944075.0000","591.9288","597.2833","590.5245"
"2014/02/07","594.7778","2685432.0000","589.8223","595.0102","586.2515"
"2014/02/06","585.9479","1945997.0000","581.4874","586.0489","579.6790"
"2014/02/05","577.4816","2394325.0000","577.5726","581.3056","569.8136"
"2014/02/04","574.9357","2811838.0000","574.8498","583.4424","574.3548"
"2014/02/03","572.5464","4568875.0000","595.6669","596.9408","571.8266"
"2014/01/31","596.5610","5565423.0000","591.7015","599.3746","581.4874"
"2014/01/30","573.5385","5076247.0000","578.3909","582.1744","569.4246"
"2014/01/29","559.1550","2364192.0000","565.3178","566.6463","555.3664"
"2014/01/28","567.2828","2208315.0000","560.8725","568.6664","560.6805"
"2014/01/27","556.2807","4352585.0000","568.8437","569.0457","546.7032"
"2014/01/24","567.6970","3918938.0000","581.4268","582.7074","567.2777"
"2014/01/23","586.0186","1948578.0000","585.9681","587.2259","583.1241"
"2014/01/22","588.5039","1571311.0000","589.3071","589.9537","585.3922"
"2014/01/21","587.8371","1979510.0000","586.4379","587.9887","581.5733"
"2014/01/17","581.1844","2700584.0000","584.3769","586.2863","577.9868"
"2014/01/16","584.0586","1683876.0000","580.4620","584.9219","579.9063"
"2014/01/15","580.2195","1949525.0000","582.4270","583.4424","577.7797"
"2014/01/14","580.6135","2481611.0000","574.8296","581.4218","569.8489"
"2014/01/13","567.2676","2418270.0000","569.0306","579.3557","564.3328"
"2014/01/10","570.9047","2141847.0000","575.4005","575.4005","566.8989"
"2014/01/09","570.9350","2084366.0000","577.6029","577.9969","568.5709"
"2014/01/08","576.4865","2242287.0000","578.8961","579.5628","572.4757"
"2014/01/07","575.2881","2552245.0000","568.2880","575.7086","566.3483"
"2014/01/06","564.4085","1769288.0000","562.2313","565.1864","558.9125"
"2014/01/03","558.1851","1664846.0000","563.2366","564.2115","558.1498"
"2014/01/02","562.2869","1821401.0000","563.4689","564.6257","559.8319"
"2013/12/31","566.1209","1357839.0000","561.8424","566.2674","558.8216"
"2013/12/30","560.4381","1234872.0000","565.9340","566.0149","560.2158"
"2013/12/27","564.9541","1569747.0000","565.7623","565.9037","562.1960"
"2013/12/26","564.4792","1337795.0000","562.7365","565.2571","560.0491"
"2013/12/24","561.6403","734170.0000","563.2214","563.3578","559.7511"
"2013/12/23","563.2871","1721503.0000","559.6197","563.6406","558.2458"
"2013/12/20","555.9726","3261557.0000","549.7492","556.2504","549.5977"
"2013/12/19","548.6985","1665669.0000","545.9444","551.6132","545.0918"
"2013/12/18","547.9559","2210252.0000","541.4396","548.0570","534.9687"
"2013/12/17","540.4343","1535137.0000","541.9296","545.9404","539.6867"
"2013/12/16","542.0104","1602009.0000","537.4742","542.8742","536.4689"
"2013/12/13","535.8527","2162168.0000","543.2328","543.6824","534.3852"
"2013/12/12","540.4848","1595700.0000","545.3393","547.0416","539.9999"
"2013/12/11","544.1875","1706923.0000","549.2946","551.2747","543.1166"
"2013/12/10","547.9105","1853894.0000","543.6117","551.7748","543.3591"
"2013/12/09","544.6169","1482485.0000","541.0051","546.7234","539.5049"
"2013/12/06","540.4394","1428774.0000","540.3990","540.5050","535.4940"
"2013/12/05","534.1099","1133663.0000","534.0392","535.2818","530.9528"
"2013/12/04","534.5342","1190968.0000","531.0942","537.4641","530.4021"
"2013/12/03","532.0489","1676144.0000","530.8820","537.1913","529.9071"
"2013/12/02","532.6652","1373206.0000","537.2267","538.6613","530.7861"
"2013/11/29","535.2465","1192773.0000","536.5447","538.7977","535.1758"
"2013/11/27","537.0246","1122631.0000","536.4790","539.4948","535.4536"
"2013/11/26","534.6504","2286072.0000","529.6949","536.2113","526.8333"
"2013/11/25","528.3462","1612058.0000","523.9161","532.0136","522.8363"
"2013/11/22","521.2540","1254110.0000","522.0268","523.4160","519.9065"
"2013/11/21","522.3552","1091805.0000","518.7838","524.4970","518.2787"
"2013/11/20","516.4147","963706.0000","520.2740","521.9965","515.4297"
"2013/11/19","517.8766","1128798.0000","521.1681","522.6987","516.7885"
"2013/11/18","521.0822","1759713.0000","523.2038","529.7657","519.9165"
"2013/11/15","522.0976","1276257.0000","522.7593","524.3404","520.4563"
"2013/11/14","522.9412","1166731.0000","522.2794","525.2244","520.4760"
"2013/11/13","521.5470","1578515.0000","508.5546","521.7389","508.4283"
"2013/11/12","511.0955","1218087.0000","509.0345","514.0152","507.6706"
"2013/11/11","510.4944","1112528.0000","509.9488","513.1919","509.1861"
"2013/11/08","513.2424","1290800.0000","509.5649","514.4901","509.4386"
"2013/11/07","509.1608","1679632.0000","516.5662","517.2330","509.0042"
"2013/11/06","516.6369","914174.0000","518.0766","518.7838","512.9090"
"2013/11/05","516.0156","1181373.0000","515.4246","521.1327","513.9445"
"2013/11/04","518.3322","1138656.0000","521.0570","521.4964","516.2732"
"2013/11/01","518.8040","1283286.0000","521.2035","523.3301","517.8240"
"2013/10/31","520.5922","1616405.0000","519.7587","526.1205","517.2532"
"2013/10/30","520.5114","1324081.0000","524.0525","524.0929","518.2787"
"2013/10/29","523.4514","1604995.0000","514.7932","523.8050","511.9644"
"2013/10/28","512.7221","1158320.0000","512.8231","516.9804","511.7042"
"2013/10/25","512.8231","2030479.0000","519.7032","519.7032","510.5702"
"2013/10/24","518.0514","2092054.0000","521.2439","525.6386","517.6725"
"2013/10/23","521.0100","2663226.0000","505.6500","522.6986","505.4631"
"2013/10/22","508.6809","2208639.0000","507.6706","511.7118","503.0187"
"2013/10/21","506.8119","3628191.0000","510.9339","514.7427","504.9176"
"2013/10/18","510.9076","11563920.0000","493.3144","512.9545","492.0111"
"2013/10/17","448.9698","4163147.0000","451.0893","453.0645","447.4220"
"2013/10/16","453.6348","2004867.0000","447.4927","453.7868","446.5531"
"2013/10/15","445.5429","1591887.0000","442.3857","447.3715","441.4966"
"2013/10/14","442.5625","1243573.0000","437.7889","442.6332","437.1473"
"2013/10/11","440.4813","1407096.0000","437.4706","441.2340","437.1019"
"2013/10/10","438.5870","2255255.0000","436.3644","438.8850","434.5307"
"2013/10/09","432.3333","2651123.0000","432.5455","435.7632","425.8270"
"2013/10/08","431.2270","1943503.0000","437.1120","437.4454","430.1966"
"2013/10/07","437.3241","1293591.0000","438.1879","441.4916","436.5008"
"2013/10/04","440.6632","1358005.0000","442.0018","443.2697","439.4761"
"2013/10/03","442.5524","2117005.0000","448.5687","451.6501","440.5369"
"2013/10/02","448.5636","1495334.0000","445.9066","449.2531","443.4263"
"2013/10/01","448.0655","1682984.0000","444.6538","448.4020","444.5528"
"2013/09/30","442.4615","1720996.0000","439.0113","444.9518","438.6224"
"2013/09/27","442.7039","1258822.0000","441.9109","443.2748","440.1378"
"2013/09/26","443.6031","1259907.0000","443.6688","445.9167","442.0018"
"2013/09/25","443.1283","1649029.0000","447.8362","447.8362","442.3049"
"2013/09/24","447.9827","1466985.0000","447.8110","449.6295","445.2347"
"2013/09/23","447.8110","1777442.0000","452.6856","455.4336","447.1543"
"2013/09/20","456.2014","4343880.0000","453.8171","456.7167","452.4179"
"2013/09/19","453.8171","1596560.0000","457.6562","457.6562","452.3067"
"2013/09/18","456.3075","1934434.0000","447.7352","456.6358","446.0784"
"2013/09/17","447.6139","1259422.0000","448.2706","448.7682","445.0327"
"2013/09/16","448.4474","1341111.0000","452.7109","453.1150","446.9876"
"2013/09/13","449.1082","1325286.0000","451.8521","452.4482","446.9724"
"2013/09/12","451.1267","1095465.0000","453.3170","453.5696","449.5840"
"2013/09/11","452.7058","1610577.0000","448.8414","453.0998","447.5988"
"2013/09/10","448.9071","1287636.0000","449.5891","450.5893","446.5481"
"2013/09/09","448.5959","1222504.0000","446.4117","449.4527","445.7500"
"2013/09/06","444.3154","1561560.0000","445.7601","446.4370","441.3653"
"2013/09/05","444.3052","1291335.0000","441.2441","444.4669","440.2893"
"2013/09/04","440.3015","2040633.0000","434.6014","441.2441","431.9848"
"2013/09/03","434.6166","2047636.0000","431.5756","437.5515","431.3685"
"2013/08/30","427.8072","1862207.0000","432.2828","433.4345","427.1303"
"2013/08/29","432.1161","1370908.0000","428.9034","434.6166","428.6609"
"2013/08/28","428.6407","1329908.0000","429.4995","432.1060","428.2467"
"2013/08/27","429.4489","1731654.0000","434.2327","436.3088","428.3124"
"2013/08/26","437.6525","1056184.0000","439.4761","441.9513","437.4807"
"2013/08/23","439.5821","1076493.0000","443.4313","443.5172","439.3498"
"2013/08/22","441.3502","869911.0000","440.8400","441.8755","439.6023"
"2013/08/21","439.1376","1757333.0000","439.8044","442.9661","437.7081"
"2013/08/20","437.1625","1236259.0000","438.6426","440.5419","436.2128"
"2013/08/19","437.2787","1810825.0000","433.2678","440.4864","433.1365"
"2013/08/16","432.8627","1675087.0000","435.0712","435.6572","432.6768"
"2013/08/15","434.2529","1869174.0000","436.6675","436.9099","433.4143"
"2013/08/14","439.3801","2082097.0000","443.7041","444.6437","438.0415"
"2013/08/13","445.1589","1419756.0000","447.9777","448.8212","442.6080"
"2013/08/12","447.3109","1377034.0000","448.0130","448.0635","445.3610"
"2013/08/09","449.7861","1323661.0000","449.8618","452.3674","449.5790"
"2013/08/08","450.9226","1487625.0000","452.3522","452.5290","447.2023"
"2013/08/07","449.9073","1379208.0000","452.1249","453.8474","449.1193"
"2013/08/06","452.8978","1504606.0000","456.9995","459.5349","452.4734"
"2013/08/05","457.1561","1309721.0000","457.3531","457.4213","454.2263"
"2013/08/02","457.9492","1713765.0000","456.3681","458.1664","455.0446"
"2013/08/01","456.7621","2133480.0000","452.1047","456.9288","452.1047"
"2013/07/31","448.4424","2072892.0000","451.0893","452.8669","447.6493"
"2013/07/30","450.0437","1755610.0000","447.2856","452.4128","444.9670"
"2013/07/29","445.6742","1891862.0000","447.0027","452.0138","444.9771"
"2013/07/26","447.2300","1777562.0000","448.0585","449.5739","445.5378"
"2013/07/25","448.4171","3000533.0000","451.5339","453.0392","447.5988"
"2013/07/24","456.0953","2063078.0000","458.2978","459.8334","454.9840"
"2013/07/23","456.5500","2045127.0000","460.0355","461.1973","454.4132"
"2013/07/22","460.0355","2902800.0000","455.6407","461.0306","453.1150"
"2013/07/19","452.9119","7358055.0000","447.8665","456.1206","442.3099"
"2013/07/18","460.0254","3579481.0000","464.2231","464.7333","456.2418"
"2013/07/17","464.0008","1505868.0000","465.2385","468.1986","462.8643"
"2013/07/16","464.5353","1982952.0000","468.3350","468.7593","461.6519"
"2013/07/15","467.1024","1958669.0000","466.9054","468.7745","462.8946"
"2013/07/12","466.2487","2567441.0000","464.7333","466.2487","462.3288"
"2013/07/11","464.8545","2583821.0000","461.1973","465.1425","458.9342"
"2013/07/10","457.6562","1706796.0000","456.3732","460.2552","454.8224"
"2013/07/09","457.2774","1961588.0000","460.1870","461.1720","453.6100"
"2013/07/08","457.2016","1969450.0000","454.2313","457.7977","453.1574"
"2013/07/05","451.3419","1701830.0000","449.5840","452.3118","448.2353"
"2013/07/03","447.7756","1048628.0000","444.4770","449.1597","443.7698"
"2013/07/02","445.6944","1891448.0000","449.6800","450.0841","443.1485"
"2013/07/01","448.5081","1722652.0000","447.7857","450.6297","447.0532"
"2013/06/28","444.7144","2348727.0000","441.9513","445.4570","441.5931"
"2013/06/27","443.0474","1926354.0000","443.9213","446.8966","442.8353"
"2013/06/26","441.3198","1831328.0000","441.3704","443.5172","439.7640"
"2013/06/25","437.5565","2552561.0000","443.1434","444.3659","436.7028"
"2013/06/24","439.3700","3016272.0000","440.4257","442.6686","436.0663"
"2013/06/21","444.9973","3981576.0000","448.7404","449.5183","441.0269"
"2013/06/20","446.9219","3371895.0000","451.5945","455.1356","446.1995"
"2013/06/19","454.9739","2915792.0000","455.3225","460.1062","453.3675"
"2013/06/18","454.9436","2151510.0000","448.8970","455.1356","448.7455"
"2013/06/17","447.6847","2145138.0000","444.1386","449.2910","443.6587"
"2013/06/14","442.0220","2244971.0000","444.5780","446.9017","441.5623"
"2013/06/13","443.0121","2069414.0000","438.9608","444.3558","437.2029"
"2013/06/12","440.4762","2204549.0000","447.2856","447.5584","439.2993"
"2013/06/11","444.4315","1757482.0000","446.5329","448.0635","444.2850"
"2013/06/10","449.6901","2337753.0000","445.5883","450.0841","444.5730"
"2013/06/07","444.3911","2673069.0000","439.6882","444.5275","437.1120"
"2013/06/06","436.7685","2578905.0000","436.5967","437.6222","427.9689"
"2013/06/05","434.2731","2106491.0000","435.6925","439.1982","432.9748"
"2013/06/04","433.9700","1867345.0000","438.3900","439.7741","431.4291"
"2013/06/03","438.2789","2475396.0000","440.9915","441.4814","431.9090"
"2013/05/31","440.0913","1969357.0000","438.5264","443.0121","438.2233"
"2013/05/30","439.8600","2120587.0000","439.4357","443.9719","437.6626"
"2013/05/29","438.6224","2012380.0000","442.3604","443.5122","436.5917"
"2013/05/28","445.1690","2257410.0000","446.2955","450.6600","444.7296"
"2013/05/24","441.1531","2296360.0000","442.1331","443.9314","439.9863"
"2013/05/23","445.9369","2274946.0000","443.0121","449.5588","441.4966"
"2013/05/22","449.2860","2557609.0000","455.9236","459.3333","448.0029"
"2013/05/21","458.1513","1982685.0000","458.6817","460.5204","453.4231"
"2013/05/20","458.9393","2272695.0000","457.1561","465.0364","457.1561"
